visit_id,member_id,date,time_of_day,duration_minutes,membership_type,age_group,workout_type,calories_burned
1,49,2023-11-13,Evening,87.0,Basic,26-35,Cardio,309.0
2,88,2023-11-08,Morning,,Basic,36-50,Cardio,
3,115,2023-12-24,Morning,73.0,Premium,18-25,Classes,273.0
4,44,2023-09-26,Morning,15.0,Premium,36-50,Mixed,398.0
5,36,2023-10-09,Morning,15.0,VIP,36-50,Cardio,260.0
6,181,2023-08-12,Afternoon,66.0,Basic,50+,Classes,241.0
7,172,2023-09-09,Evening,70.0,Premium,26-35,Cardio,441.0
8,22,2023-03-05,Morning,54.0,VIP,26-35,Classes,189.0
9,130,2023-11-14,Evening,81.0,Premium,36-50,Weights,374.0
10,7,2023-05-04,Evening,34.0,Basic,26-35,Classes,265.0
11,16,2023-03-11,Afternoon,44.0,Premium,36-50,Mixed,224.0
12,94,2023-08-26,Evening,15.0,Premium,18-25,Classes,258.0
13,44,2023-03-16,Morning,44.0,Basic,26-35,Mixed,74.0
14,110,2023-01-10,Evening,,Basic,36-50,Cardio,194.0
15,65,2023-09-25,Morning,19.0,Premium,36-50,Mixed,313.0
16,73,2023-03-29,Evening,39.0,Premium,36-50,Mixed,275.0
17,71,2023-02-19,Afternoon,17.0,VIP,36-50,Cardio,
18,197,2023-05-23,Evening,73.0,Basic,50+,Weights,448.0
19,189,2023-02-28,Afternoon,15.0,Premium,18-25,Mixed,200.0
20,158,2023-11-14,Morning,104.0,Basic,18-25,Cardio,443.0
21,170,2023-07-30,Afternoon,16.0,VIP,18-25,Weights,314.0
22,74,2023-03-13,Evening,,Basic,50+,Classes,
23,25,2023-09-01,Evening,19.0,Basic,26-35,Cardio,309.0
24,82,2023-08-27,Evening,165.0,Basic,36-50,Classes,329.0
25,71,2023-07-09,Evening,30.0,Premium,18-25,Weights,204.0
26,57,2023-02-19,Afternoon,143.0,Basic,26-35,Cardio,207.0
27,160,2023-07-24,Morning,44.0,Premium,36-50,Weights,279.0
28,50,2023-02-23,Morning,180.0,Basic,26-35,Weights,343.0
29,75,2023-11-06,Evening,15.0,Basic,18-25,Mixed,366.0
30,138,2023-08-12,Evening,39.0,Basic,26-35,Classes,424.0
31,150,2023-06-05,Morning,124.0,Basic,18-25,Weights,177.0
32,41,2023-12-26,Evening,27.0,Basic,26-35,Classes,335.0
33,47,2023-02-20,Evening,47.0,Premium,18-25,Classes,298.0
34,142,2023-08-29,Afternoon,23.0,Basic,36-50,Mixed,246.0
35,131,2023-11-26,Evening,180.0,Basic,18-25,Classes,500.0
36,78,2023-06-10,Morning,81.0,Premium,26-35,Weights,
37,53,2023-05-09,Evening,16.0,Basic,18-25,Weights,442.0
38,16,2023-03-26,Afternoon,48.0,Premium,26-35,Mixed,50.0
39,119,2023-03-10,Afternoon,43.0,VIP,26-35,Classes,404.0
40,189,2023-02-24,Afternoon,28.0,Basic,36-50,Cardio,353.0
41,28,2023-03-26,Afternoon,18.0,Premium,36-50,Classes,370.0
42,163,2023-12-11,Afternoon,15.0,Premium,50+,Weights,270.0
43,130,2023-11-25,Evening,77.0,Basic,50+,Cardio,511.0
44,61,2023-03-21,Afternoon,49.0,Premium,36-50,Weights,280.0
45,184,2023-08-08,Evening,18.0,Basic,36-50,Cardio,298.0
46,55,2023-04-20,Morning,19.0,Basic,36-50,Classes,202.0
47,18,2023-09-10,Evening,180.0,Premium,36-50,Cardio,296.0
48,199,2023-11-13,Morning,69.0,Premium,36-50,Cardio,282.0
49,49,2023-06-13,Afternoon,112.0,VIP,26-35,Cardio,407.0
50,102,2023-04-13,Morning,53.0,Premium,26-35,Weights,363.0
51,42,2023-04-23,Afternoon,80.0,Basic,26-35,Cardio,
52,7,2023-09-09,Morning,161.0,Premium,36-50,Mixed,289.0
53,132,2023-06-01,Evening,16.0,Premium,26-35,Cardio,266.0
54,171,2023-12-02,Morning,162.0,Premium,18-25,Mixed,388.0
55,59,2023-09-08,Afternoon,24.0,Premium,26-35,Weights,315.0
56,49,2023-12-20,Evening,21.0,VIP,50+,Mixed,63.0
57,60,2023-03-29,Morning,22.0,Basic,18-25,Cardio,254.0
58,6,2023-04-10,Evening,52.0,Basic,36-50,Cardio,81.0
59,148,2023-04-30,Evening,40.0,Premium,50+,Classes,218.0
60,31,2023-10-30,Evening,15.0,Premium,26-35,Classes,402.0
61,116,2023-07-23,Morning,40.0,Premium,50+,Weights,266.0
62,150,2023-05-29,Morning,23.0,Basic,50+,Cardio,273.0
63,85,2023-07-20,Morning,69.0,Basic,26-35,Weights,280.0
64,160,2023-10-22,Morning,69.0,Basic,18-25,Cardio,301.0
65,47,2023-01-03,Morning,31.0,Premium,18-25,Weights,266.0
66,162,2023-03-09,Evening,25.0,Basic,26-35,Weights,481.0
67,155,2023-06-03,Afternoon,75.0,Premium,50+,Classes,129.0
68,44,2023-07-01,Morning,29.0,VIP,26-35,Mixed,322.0
69,158,2023-01-13,Morning,52.0,Basic,50+,Cardio,355.0
70,161,2023-07-08,Afternoon,,Basic,18-25,Classes,210.0
71,155,2023-01-20,Morning,34.0,Basic,50+,Cardio,364.0
72,56,2023-12-05,Evening,24.0,Basic,26-35,Cardio,233.0
73,151,2023-10-10,Morning,33.0,Basic,36-50,Classes,347.0
74,43,2023-01-10,Evening,79.0,Basic,18-25,Classes,173.0
75,54,2023-07-07,Evening,47.0,Premium,26-35,Mixed,308.0
76,68,2023-12-11,Evening,68.0,Basic,18-25,Classes,522.0
77,53,2023-01-19,Morning,25.0,Premium,18-25,Cardio,209.0
78,40,2023-05-23,Morning,127.0,VIP,18-25,Cardio,258.0
79,188,2023-04-13,Afternoon,35.0,Basic,26-35,Classes,464.0
80,86,2023-10-30,Evening,90.0,Premium,26-35,Weights,423.0
81,137,2023-08-29,Evening,47.0,Basic,36-50,Cardio,474.0
82,95,2023-06-01,Evening,156.0,Basic,36-50,Weights,263.0
83,138,2023-09-29,Morning,20.0,Premium,36-50,Mixed,334.0
84,10,2023-12-03,Afternoon,56.0,Basic,50+,Classes,346.0
85,158,2023-07-07,Morning,128.0,Basic,36-50,Weights,222.0
86,138,2023-07-29,Afternoon,25.0,Basic,26-35,Mixed,188.0
87,186,2023-06-26,Morning,105.0,VIP,26-35,Classes,175.0
88,36,2023-07-13,Morning,15.0,Basic,26-35,Cardio,249.0
89,172,2023-06-26,Evening,51.0,Premium,26-35,Cardio,172.0
90,185,2023-03-07,Evening,54.0,Premium,26-35,Weights,232.0
91,43,2023-11-06,Evening,17.0,Basic,26-35,Weights,199.0
92,107,2023-01-02,Evening,48.0,Basic,18-25,Mixed,351.0
93,151,2023-11-13,Evening,97.0,Basic,18-25,Mixed,339.0
94,132,2023-09-28,Morning,39.0,Basic,36-50,Cardio,
95,140,2023-03-01,Morning,49.0,Basic,18-25,Classes,265.0
96,124,2023-02-12,Evening,70.0,Basic,18-25,Weights,359.0
97,49,2023-04-03,Afternoon,86.0,Basic,26-35,Weights,264.0
98,152,2023-08-14,Afternoon,104.0,Basic,26-35,Classes,240.0
99,141,2023-10-13,Morning,15.0,Premium,26-35,Weights,
100,124,2023-03-04,Afternoon,91.0,Basic,26-35,Classes,430.0
101,68,2023-10-07,Afternoon,15.0,VIP,18-25,Cardio,137.0
102,102,2023-01-14,Morning,102.0,Basic,18-25,Weights,268.0
103,90,2023-01-28,Afternoon,40.0,Premium,18-25,Weights,
104,162,2023-05-22,Afternoon,49.0,VIP,26-35,Weights,314.0
105,9,2023-04-18,Evening,96.0,Basic,26-35,Cardio,255.0
106,10,2023-10-17,Evening,122.0,Premium,36-50,Classes,308.0
107,125,2023-03-19,Evening,168.0,Basic,26-35,Cardio,215.0
108,115,2023-09-04,Evening,20.0,VIP,26-35,Cardio,254.0
109,65,2023-01-12,Morning,66.0,Premium,26-35,Cardio,165.0
110,112,2023-07-03,Evening,113.0,Basic,26-35,Mixed,199.0
111,72,2023-11-13,Afternoon,27.0,Premium,50+,Cardio,253.0
112,74,2023-12-27,Evening,17.0,Premium,18-25,Classes,316.0
113,54,2023-10-23,Morning,48.0,Basic,18-25,Cardio,285.0
114,171,2023-08-28,Evening,36.0,Premium,26-35,Weights,436.0
115,187,2023-09-20,Morning,37.0,Premium,50+,Classes,148.0
116,89,2023-12-01,Morning,102.0,Basic,50+,Cardio,273.0
117,95,2023-03-14,Evening,52.0,VIP,36-50,Cardio,72.0
118,103,2023-03-09,Evening,77.0,Basic,26-35,Cardio,283.0
119,187,2023-10-14,Afternoon,90.0,Premium,50+,Classes,232.0
120,195,2023-11-22,Evening,72.0,Basic,18-25,Cardio,248.0
121,61,2023-08-08,Morning,46.0,VIP,36-50,Weights,231.0
122,166,2023-02-16,Evening,85.0,Premium,50+,Cardio,343.0
123,136,2023-02-27,Morning,,Premium,36-50,Weights,327.0
124,128,2023-01-24,Evening,24.0,VIP,26-35,Classes,179.0
125,65,2023-10-17,Afternoon,180.0,Basic,36-50,Cardio,277.0
126,5,2023-11-15,Evening,72.0,Basic,26-35,Mixed,147.0
127,120,2023-01-24,Afternoon,80.0,Premium,18-25,Mixed,129.0
128,115,2023-03-05,Afternoon,46.0,Basic,36-50,Cardio,340.0
129,109,2023-09-12,Afternoon,133.0,Basic,18-25,Classes,186.0
130,43,2023-05-28,Afternoon,77.0,Premium,18-25,Weights,238.0
131,188,2023-04-26,Morning,43.0,Premium,26-35,Classes,321.0
132,26,2023-04-08,Evening,73.0,Basic,36-50,Weights,
133,11,2023-08-27,Afternoon,53.0,VIP,18-25,Mixed,440.0
134,162,2023-10-10,Afternoon,82.0,Premium,18-25,Weights,174.0
135,130,2023-10-27,Morning,97.0,VIP,50+,Mixed,421.0
136,21,2023-04-03,Morning,47.0,VIP,18-25,Classes,357.0
137,115,2023-03-06,Afternoon,15.0,Basic,26-35,Cardio,375.0
138,154,2023-06-23,Evening,132.0,Premium,50+,Cardio,260.0
139,128,2023-11-06,Afternoon,15.0,Basic,26-35,Classes,204.0
140,76,2023-08-23,Morning,34.0,Premium,18-25,Weights,309.0
141,73,2023-06-16,Morning,40.0,Premium,26-35,Mixed,204.0
142,87,2023-08-25,Evening,15.0,Basic,36-50,Mixed,201.0
143,106,2023-01-07,Evening,42.0,VIP,36-50,Classes,
144,133,2023-11-06,Evening,15.0,Premium,36-50,Weights,405.0
145,9,2023-02-12,Morning,37.0,VIP,18-25,Cardio,139.0
146,119,2023-10-03,Evening,,Basic,18-25,Mixed,430.0
147,50,2023-12-06,Evening,81.0,VIP,26-35,Cardio,175.0
148,10,2023-06-02,Evening,70.0,Premium,36-50,Weights,269.0
149,113,2023-02-12,Morning,22.0,Premium,26-35,Weights,270.0
150,186,2023-08-01,Evening,20.0,Premium,18-25,Mixed,251.0
151,10,2023-07-20,Afternoon,89.0,Premium,36-50,Cardio,276.0
152,78,2023-06-04,Afternoon,24.0,Premium,36-50,Mixed,313.0
153,36,2023-08-08,Afternoon,44.0,Basic,50+,Weights,427.0
154,56,2023-06-02,Evening,39.0,Premium,26-35,Cardio,279.0
155,118,2023-02-05,Evening,105.0,Premium,26-35,Classes,208.0
156,190,2023-08-14,Evening,128.0,Premium,26-35,Cardio,193.0
157,37,2023-11-18,Evening,23.0,Basic,36-50,Cardio,331.0
158,169,2023-05-01,Evening,63.0,Basic,36-50,Classes,381.0
159,48,2023-01-09,Evening,105.0,Basic,36-50,Cardio,235.0
160,150,2023-12-05,Morning,30.0,Premium,26-35,Weights,391.0
161,87,2023-12-01,Morning,98.0,Basic,36-50,Weights,516.0
162,61,2023-06-30,Evening,50.0,Basic,26-35,Weights,431.0
163,75,2023-01-21,Morning,48.0,Premium,36-50,Classes,227.0
164,117,2023-09-29,Evening,92.0,Basic,18-25,Cardio,403.0
165,115,2023-07-13,Evening,180.0,VIP,18-25,Cardio,392.0
166,99,2023-01-26,Afternoon,21.0,Premium,18-25,Cardio,306.0
167,48,2023-10-12,Evening,92.0,VIP,18-25,Weights,389.0
168,192,2023-04-08,Afternoon,79.0,Basic,18-25,Weights,376.0
169,37,2023-08-07,Morning,20.0,Basic,18-25,Cardio,424.0
170,169,2023-11-23,Afternoon,15.0,Basic,26-35,Classes,357.0
171,5,2023-09-30,Evening,21.0,Premium,18-25,Mixed,375.0
172,100,2023-10-15,Evening,,Basic,36-50,Mixed,197.0
173,180,2023-03-07,Afternoon,124.0,Basic,18-25,Cardio,299.0
174,17,2023-11-11,Morning,45.0,VIP,50+,Weights,225.0
175,90,2023-04-21,Morning,16.0,Basic,50+,Mixed,419.0
176,108,2023-07-31,Afternoon,42.0,Premium,18-25,Weights,164.0
177,190,2023-06-20,Afternoon,111.0,Premium,18-25,Mixed,81.0
178,180,2023-12-05,Evening,74.0,Basic,18-25,Mixed,158.0
179,20,2023-02-28,Evening,59.0,Premium,26-35,Cardio,277.0
180,103,2023-01-30,Evening,17.0,Premium,36-50,Weights,
181,97,2023-09-24,Morning,46.0,Basic,26-35,Cardio,110.0
182,144,2023-06-03,Afternoon,92.0,Basic,26-35,Cardio,366.0
183,7,2023-12-16,Evening,30.0,Premium,26-35,Mixed,160.0
184,94,2023-01-02,Evening,17.0,Basic,26-35,Mixed,400.0
185,66,2023-06-18,Morning,,Premium,50+,Mixed,167.0
186,12,2023-08-02,Morning,180.0,Premium,26-35,Cardio,86.0
187,171,2023-09-08,Evening,42.0,Basic,18-25,Mixed,197.0
188,40,2023-01-31,Morning,,VIP,18-25,Mixed,171.0
189,1,2023-11-15,Evening,79.0,Basic,36-50,Mixed,170.0
190,58,2023-07-02,Afternoon,66.0,Basic,26-35,Mixed,289.0
191,131,2023-07-08,Morning,49.0,Premium,18-25,Weights,317.0
192,8,2023-08-01,Evening,62.0,Basic,26-35,Cardio,438.0
193,90,2023-05-07,Morning,98.0,Premium,26-35,Cardio,263.0
194,75,2023-10-19,Afternoon,61.0,VIP,36-50,Cardio,328.0
195,189,2023-10-23,Morning,113.0,Basic,18-25,Classes,167.0
196,85,2023-01-23,Evening,45.0,Basic,36-50,Weights,209.0
197,5,2023-01-18,Evening,74.0,Basic,26-35,Weights,430.0
198,26,2023-03-20,Morning,85.0,Premium,26-35,Cardio,440.0
199,85,2023-02-03,Evening,15.0,Basic,36-50,Mixed,458.0
200,73,2023-04-17,Morning,66.0,Basic,26-35,Cardio,287.0
201,145,2023-11-01,Afternoon,70.0,Premium,36-50,Weights,167.0
202,101,2023-07-18,Afternoon,50.0,Basic,26-35,Weights,221.0
203,66,2023-07-10,Evening,64.0,Basic,50+,Cardio,267.0
204,179,2023-08-20,Morning,56.0,VIP,26-35,Classes,243.0
205,119,2023-03-03,Morning,73.0,Basic,26-35,Weights,311.0
206,47,2023-02-11,Afternoon,83.0,Basic,26-35,Weights,375.0
207,168,2023-01-24,Morning,144.0,Basic,18-25,Mixed,197.0
208,92,2023-06-12,Evening,21.0,VIP,36-50,Cardio,491.0
209,27,2023-07-02,Morning,24.0,Basic,26-35,Mixed,307.0
210,40,2023-11-29,Afternoon,149.0,Basic,50+,Mixed,435.0
211,1,2023-04-05,Afternoon,105.0,Basic,18-25,Mixed,342.0
212,174,2023-03-24,Afternoon,,VIP,26-35,Weights,515.0
213,139,2023-04-03,Evening,15.0,Basic,36-50,Cardio,183.0
214,167,2023-10-05,Afternoon,24.0,Basic,50+,Weights,248.0
215,18,2023-04-15,Morning,42.0,Premium,18-25,Cardio,248.0
216,91,2023-03-26,Evening,67.0,Basic,50+,Cardio,318.0
217,47,2023-03-02,Morning,15.0,Premium,50+,Cardio,312.0
218,21,2023-07-27,Evening,90.0,Premium,50+,Weights,338.0
219,156,2023-06-07,Evening,72.0,Basic,50+,Cardio,313.0
220,129,2023-03-10,Morning,52.0,Premium,50+,Mixed,355.0
221,14,2023-09-19,Afternoon,24.0,Basic,26-35,Classes,251.0
222,20,2023-12-07,Morning,15.0,Basic,36-50,Cardio,346.0
223,121,2023-08-22,Evening,44.0,Premium,26-35,Mixed,581.0
224,173,2023-05-19,Evening,60.0,Basic,26-35,Mixed,300.0
225,189,2023-10-07,Morning,77.0,Basic,26-35,Cardio,155.0
226,155,2023-12-01,Afternoon,44.0,Basic,50+,Cardio,237.0
227,122,2023-08-19,Evening,64.0,VIP,18-25,Weights,
228,184,2023-12-26,Afternoon,69.0,VIP,36-50,Mixed,211.0
229,52,2023-02-20,Morning,24.0,Basic,26-35,Cardio,312.0
230,68,2023-08-27,Afternoon,82.0,Basic,26-35,Classes,379.0
231,37,2023-01-19,Evening,77.0,VIP,18-25,Classes,169.0
232,82,2023-06-27,Morning,95.0,Premium,26-35,Classes,130.0
233,159,2023-07-28,Morning,42.0,Basic,50+,Weights,547.0
234,49,2023-05-11,Evening,,Premium,26-35,Weights,206.0
235,181,2023-08-19,Morning,33.0,Basic,36-50,Cardio,441.0
236,39,2023-04-02,Afternoon,106.0,Premium,18-25,Weights,376.0
237,138,2023-01-31,Evening,26.0,VIP,50+,Classes,239.0
238,137,2023-12-28,Morning,108.0,Basic,36-50,Mixed,221.0
239,92,2023-09-06,Evening,47.0,Premium,26-35,Mixed,239.0
240,141,2023-05-04,Afternoon,29.0,Premium,26-35,Cardio,255.0
241,18,2023-05-16,Afternoon,77.0,VIP,26-35,Cardio,361.0
242,140,2023-09-30,Afternoon,118.0,Basic,26-35,Mixed,160.0
243,72,2023-12-21,Evening,73.0,VIP,26-35,Mixed,428.0
244,5,2023-04-10,Evening,,Basic,50+,Cardio,236.0
245,7,2023-08-07,Morning,38.0,Basic,36-50,Classes,153.0
246,143,2023-04-14,Morning,32.0,Basic,26-35,Weights,318.0
247,195,2023-10-28,Morning,28.0,VIP,50+,Weights,540.0
248,146,2023-04-07,Evening,15.0,Basic,18-25,Classes,216.0
249,38,2023-11-12,Evening,32.0,VIP,26-35,Mixed,312.0
250,26,2023-07-22,Morning,34.0,Basic,26-35,Cardio,314.0
251,166,2023-01-21,Afternoon,82.0,Premium,18-25,Classes,488.0
252,59,2023-07-17,Morning,32.0,Basic,18-25,Classes,206.0
253,52,2023-04-22,Evening,91.0,Basic,26-35,Weights,393.0
254,161,2023-05-29,Morning,86.0,Premium,36-50,Classes,157.0
255,149,2023-08-31,Afternoon,18.0,Premium,50+,Cardio,322.0
256,145,2023-07-02,Morning,166.0,Basic,36-50,Cardio,373.0
257,107,2023-10-11,Morning,15.0,Premium,26-35,Weights,400.0
258,62,2023-12-03,Morning,180.0,Basic,26-35,Weights,163.0
259,59,2023-12-04,Afternoon,61.0,Premium,26-35,Cardio,98.0
260,2,2023-10-29,Afternoon,21.0,Basic,36-50,Weights,280.0
261,192,2023-10-27,Morning,15.0,Basic,26-35,Classes,243.0
262,25,2023-03-30,Morning,78.0,VIP,18-25,Weights,158.0
263,169,2023-08-10,Afternoon,20.0,Basic,18-25,Weights,
264,19,2023-09-05,Evening,162.0,Premium,50+,Classes,252.0
265,166,2023-06-26,Evening,53.0,Basic,18-25,Cardio,470.0
266,25,2023-04-28,Evening,54.0,Basic,50+,Weights,176.0
267,167,2023-06-23,Afternoon,119.0,Basic,18-25,Cardio,389.0
268,4,2023-08-07,Evening,32.0,Basic,36-50,Weights,152.0
269,3,2023-08-06,Afternoon,100.0,Basic,26-35,Weights,224.0
270,162,2023-11-15,Morning,128.0,Basic,50+,Cardio,
271,106,2023-03-18,Afternoon,26.0,Basic,26-35,Cardio,517.0
272,138,2023-03-29,Morning,71.0,Basic,18-25,Cardio,395.0
273,113,2023-03-19,Morning,67.0,VIP,26-35,Weights,370.0
274,27,2023-07-20,Morning,112.0,Basic,26-35,Cardio,
275,112,2023-03-05,Morning,26.0,Premium,50+,Cardio,219.0
276,90,2023-01-04,Morning,16.0,Basic,36-50,Classes,303.0
277,129,2023-03-24,Evening,42.0,Premium,36-50,Cardio,195.0
278,44,2023-07-12,Afternoon,128.0,Basic,18-25,Weights,
279,52,2023-01-06,Evening,15.0,Basic,26-35,Mixed,187.0
280,153,2023-07-12,Morning,66.0,Basic,50+,Mixed,213.0
281,65,2023-08-05,Morning,78.0,Basic,36-50,Cardio,460.0
282,11,2023-12-13,Evening,57.0,VIP,18-25,Weights,289.0
283,68,2023-01-22,Afternoon,114.0,Basic,36-50,Classes,360.0
284,121,2023-05-25,Evening,38.0,VIP,36-50,Mixed,291.0
285,77,2023-10-12,Afternoon,37.0,VIP,26-35,Weights,
286,15,2023-05-25,Afternoon,74.0,Basic,18-25,Weights,231.0
287,57,2023-01-02,Morning,31.0,Basic,18-25,Mixed,386.0
288,74,2023-10-15,Evening,84.0,VIP,50+,Cardio,322.0
289,64,2023-12-25,Morning,30.0,Basic,26-35,Classes,420.0
290,11,2023-08-13,Morning,18.0,Premium,26-35,Weights,419.0
291,121,2023-08-02,Evening,91.0,VIP,36-50,Mixed,357.0
292,125,2023-06-15,Afternoon,28.0,Premium,36-50,Mixed,404.0
293,148,2023-05-21,Evening,138.0,Premium,50+,Cardio,353.0
294,30,2023-11-13,Morning,56.0,Premium,18-25,Cardio,338.0
295,10,2023-03-05,Evening,22.0,Premium,36-50,Cardio,267.0
296,54,2023-11-29,Afternoon,68.0,Basic,18-25,Cardio,130.0
297,186,2023-07-31,Morning,21.0,Basic,18-25,Weights,236.0
298,157,2023-10-16,Evening,15.0,Premium,18-25,Weights,444.0
299,129,2023-04-08,Afternoon,50.0,VIP,36-50,Weights,328.0
300,58,2023-06-15,Afternoon,30.0,Premium,36-50,Classes,259.0
301,149,2023-05-06,Evening,47.0,Premium,26-35,Cardio,420.0
302,143,2023-06-06,Afternoon,28.0,Basic,18-25,Classes,255.0
303,195,2023-09-07,Evening,41.0,VIP,36-50,Mixed,370.0
304,161,2023-03-02,Evening,57.0,Basic,18-25,Weights,432.0
305,166,2023-02-01,Evening,15.0,Premium,18-25,Cardio,360.0
306,147,2023-10-01,Evening,17.0,VIP,26-35,Cardio,406.0
307,132,2023-10-28,Morning,19.0,Basic,26-35,Cardio,347.0
308,76,2023-01-21,Evening,29.0,VIP,26-35,Classes,109.0
309,89,2023-01-12,Afternoon,17.0,VIP,36-50,Cardio,431.0
310,98,2023-09-01,Evening,79.0,VIP,18-25,Mixed,380.0
311,81,2023-04-13,Afternoon,32.0,Basic,50+,Mixed,269.0
312,186,2023-10-03,Evening,20.0,Basic,26-35,Weights,241.0
313,70,2023-01-07,Evening,50.0,Premium,18-25,Weights,312.0
314,12,2023-12-13,Afternoon,31.0,Basic,36-50,Weights,180.0
315,127,2023-05-10,Afternoon,106.0,Basic,26-35,Mixed,394.0
316,79,2023-10-26,Evening,28.0,VIP,36-50,Cardio,284.0
317,145,2023-04-07,Morning,141.0,Premium,36-50,Mixed,210.0
318,129,2023-10-04,Morning,,Basic,50+,Classes,366.0
319,14,2023-10-12,Afternoon,44.0,Basic,50+,Weights,347.0
320,119,2023-10-15,Afternoon,20.0,Premium,26-35,Weights,381.0
321,2,2023-06-22,Morning,57.0,VIP,26-35,Weights,171.0
322,4,2023-11-28,Afternoon,114.0,Basic,18-25,Weights,373.0
323,66,2023-07-24,Morning,71.0,Basic,50+,Weights,478.0
324,90,2023-04-13,Morning,96.0,Premium,18-25,Cardio,295.0
325,174,2023-04-23,Morning,15.0,Basic,36-50,Cardio,289.0
326,178,2023-12-26,Morning,24.0,Basic,18-25,Cardio,160.0
327,60,2023-05-11,Morning,79.0,Premium,26-35,Weights,308.0
328,180,2023-02-08,Afternoon,59.0,Basic,18-25,Weights,197.0
329,97,2023-11-03,Morning,41.0,Premium,18-25,Classes,416.0
330,176,2023-01-08,Evening,180.0,Premium,18-25,Cardio,542.0
331,167,2023-02-15,Afternoon,18.0,Basic,26-35,Cardio,545.0
332,127,2023-07-13,Morning,41.0,VIP,26-35,Cardio,214.0
333,198,2023-01-06,Morning,38.0,Premium,26-35,Cardio,226.0
334,60,2023-02-27,Evening,55.0,Premium,26-35,Cardio,360.0
335,158,2023-06-18,Morning,23.0,Basic,26-35,Mixed,277.0
336,155,2023-05-02,Evening,,VIP,50+,Classes,301.0
337,83,2023-09-06,Afternoon,29.0,VIP,36-50,Mixed,545.0
338,74,2023-07-26,Afternoon,48.0,Basic,18-25,Cardio,191.0
339,55,2023-04-25,Evening,56.0,Premium,18-25,Mixed,326.0
340,198,2023-08-27,Afternoon,57.0,Basic,26-35,Classes,338.0
341,26,2023-02-23,Evening,,Basic,50+,Classes,405.0
342,170,2023-03-17,Evening,58.0,Basic,18-25,Weights,213.0
343,121,2023-06-18,Evening,56.0,Basic,36-50,Weights,448.0
344,67,2023-02-17,Evening,46.0,Basic,18-25,Mixed,326.0
345,116,2023-08-12,Morning,37.0,Basic,26-35,Classes,217.0
346,67,2023-03-11,Morning,164.0,VIP,36-50,Classes,281.0
347,180,2023-06-04,Afternoon,65.0,Premium,26-35,Cardio,400.0
348,6,2023-02-16,Evening,57.0,VIP,26-35,Cardio,508.0
349,114,2023-10-06,Afternoon,40.0,Basic,50+,Mixed,264.0
350,10,2023-07-21,Morning,60.0,Premium,18-25,Weights,511.0
351,38,2023-05-22,Evening,67.0,Premium,26-35,Classes,424.0
352,124,2023-11-13,Afternoon,26.0,Premium,26-35,Weights,248.0
353,77,2023-05-06,Evening,47.0,Basic,50+,Classes,360.0
354,102,2023-11-28,Evening,54.0,Basic,36-50,Cardio,387.0
355,12,2023-06-02,Afternoon,100.0,VIP,18-25,Cardio,276.0
356,46,2023-03-06,Evening,24.0,Basic,50+,Weights,235.0
357,49,2023-04-06,Evening,15.0,Basic,18-25,Weights,286.0
358,91,2023-06-30,Evening,77.0,Basic,18-25,Weights,261.0
359,124,2023-12-28,Morning,15.0,VIP,26-35,Classes,327.0
360,72,2023-06-27,Afternoon,32.0,Basic,36-50,Weights,518.0
361,191,2023-05-09,Morning,44.0,Premium,36-50,Mixed,345.0
362,197,2023-02-08,Evening,15.0,Basic,26-35,Cardio,480.0
363,102,2023-10-27,Afternoon,17.0,Premium,26-35,Cardio,356.0
364,43,2023-12-27,Morning,15.0,Premium,50+,Mixed,589.0
365,60,2023-12-16,Afternoon,20.0,Basic,36-50,Classes,218.0
366,101,2023-05-13,Afternoon,111.0,VIP,36-50,Classes,93.0
367,157,2023-04-19,Morning,143.0,Premium,18-25,Cardio,327.0
368,86,2023-03-13,Morning,55.0,Basic,36-50,Mixed,339.0
369,126,2023-07-27,Evening,26.0,Basic,36-50,Classes,457.0
370,11,2023-03-06,Evening,50.0,Basic,50+,Classes,490.0
371,35,2023-08-29,Afternoon,63.0,VIP,18-25,Mixed,144.0
372,23,2023-03-20,Evening,19.0,Basic,36-50,Weights,282.0
373,149,2023-03-29,Afternoon,21.0,Basic,50+,Weights,313.0
374,165,2023-06-27,Evening,125.0,Basic,26-35,Weights,184.0
375,28,2023-09-19,Morning,101.0,Basic,36-50,Classes,286.0
376,116,2023-03-07,Evening,46.0,Basic,50+,Classes,409.0
377,95,2023-11-21,Afternoon,20.0,Premium,26-35,Classes,416.0
378,58,2023-04-15,Afternoon,19.0,Basic,36-50,Cardio,337.0
379,53,2023-04-08,Evening,,VIP,18-25,Mixed,469.0
380,28,2023-04-06,Morning,49.0,VIP,26-35,Classes,334.0
381,42,2023-02-15,Evening,52.0,Basic,26-35,Cardio,427.0
382,85,2023-01-31,Morning,15.0,Premium,18-25,Weights,
383,93,2023-07-23,Afternoon,26.0,Premium,36-50,Mixed,222.0
384,124,2023-05-28,Evening,20.0,Premium,18-25,Weights,
385,189,2023-05-12,Afternoon,52.0,Basic,50+,Cardio,251.0
386,161,2023-07-05,Morning,96.0,Basic,26-35,Cardio,401.0
387,183,2023-07-08,Evening,15.0,VIP,36-50,Cardio,247.0
388,165,2023-05-07,Evening,15.0,Basic,26-35,Cardio,339.0
389,47,2023-12-30,Evening,15.0,Premium,18-25,Mixed,286.0
390,164,2023-10-24,Evening,27.0,Premium,18-25,Cardio,371.0
391,115,2023-11-05,Evening,69.0,Basic,18-25,Mixed,
392,156,2023-03-28,Evening,74.0,Premium,50+,Cardio,233.0
393,10,2023-05-01,Evening,17.0,VIP,36-50,Mixed,374.0
394,23,2023-11-28,Afternoon,29.0,Basic,50+,Cardio,185.0
395,5,2023-10-31,Evening,49.0,VIP,36-50,Classes,472.0
396,82,2023-05-15,Morning,29.0,Basic,36-50,Cardio,335.0
397,119,2023-11-24,Evening,66.0,Premium,26-35,Weights,50.0
398,6,2023-07-18,Evening,68.0,Premium,26-35,Cardio,169.0
399,125,2023-06-20,Afternoon,118.0,Premium,36-50,Weights,368.0
400,170,2023-09-17,Evening,60.0,Basic,18-25,Weights,396.0
401,47,2023-05-04,Evening,119.0,Basic,26-35,Mixed,260.0
402,28,2023-08-30,Evening,99.0,VIP,18-25,Cardio,315.0
403,13,2023-03-12,Morning,133.0,Basic,26-35,Cardio,372.0
404,25,2023-02-28,Evening,56.0,Premium,26-35,Cardio,431.0
405,7,2023-04-19,Morning,18.0,VIP,18-25,Weights,390.0
406,194,2023-02-10,Evening,87.0,Basic,26-35,Cardio,243.0
407,80,2023-10-13,Morning,15.0,Basic,18-25,Cardio,436.0
408,186,2023-05-26,Morning,,VIP,18-25,Classes,82.0
409,66,2023-10-13,Morning,54.0,VIP,26-35,Cardio,272.0
410,36,2023-02-21,Afternoon,64.0,Basic,26-35,Classes,362.0
411,2,2023-06-25,Evening,,Premium,50+,Cardio,179.0
412,113,2023-10-06,Morning,16.0,VIP,26-35,Weights,305.0
413,38,2023-06-14,Evening,28.0,Basic,50+,Mixed,355.0
414,14,2023-11-23,Evening,78.0,Basic,18-25,Cardio,222.0
415,155,2023-09-09,Evening,101.0,Premium,26-35,Cardio,319.0
416,143,2023-04-13,Afternoon,49.0,Basic,26-35,Mixed,177.0
417,85,2023-02-22,Afternoon,116.0,Premium,18-25,Classes,400.0
418,140,2023-09-12,Morning,75.0,Premium,18-25,Weights,353.0
419,115,2023-12-27,Morning,62.0,Basic,36-50,Weights,373.0
420,171,2023-06-22,Evening,31.0,VIP,36-50,Cardio,293.0
421,97,2023-09-08,Morning,,Basic,18-25,Mixed,133.0
422,185,2023-06-26,Evening,73.0,Basic,18-25,Classes,286.0
423,86,2023-02-18,Morning,103.0,Basic,36-50,Classes,472.0
424,102,2023-04-21,Morning,51.0,Premium,18-25,Mixed,401.0
425,176,2023-07-29,Morning,48.0,Basic,50+,Weights,474.0
426,189,2023-09-05,Evening,152.0,Basic,50+,Weights,305.0
427,82,2023-06-24,Afternoon,79.0,VIP,50+,Mixed,230.0
428,44,2023-04-17,Morning,17.0,VIP,18-25,Cardio,358.0
429,180,2023-06-02,Evening,21.0,Basic,18-25,Cardio,280.0
430,190,2023-12-13,Evening,35.0,Basic,50+,Cardio,244.0
431,130,2023-06-04,Afternoon,57.0,Premium,26-35,Mixed,126.0
432,93,2023-05-20,Morning,16.0,Premium,26-35,Classes,333.0
433,199,2023-05-31,Morning,60.0,VIP,26-35,Weights,393.0
434,159,2023-09-30,Evening,,Basic,18-25,Cardio,183.0
435,105,2023-02-13,Evening,15.0,Basic,36-50,Cardio,448.0
436,125,2023-03-12,Evening,15.0,Premium,50+,Cardio,
437,73,2023-05-05,Afternoon,,Premium,36-50,Mixed,311.0
438,72,2023-06-01,Morning,,Premium,36-50,Classes,
439,161,2023-12-15,Afternoon,23.0,VIP,26-35,Mixed,352.0
440,133,2023-11-12,Evening,57.0,Premium,26-35,Weights,184.0
441,78,2023-11-05,Afternoon,83.0,Basic,18-25,Classes,204.0
442,58,2023-08-08,Evening,63.0,Premium,18-25,Weights,132.0
443,125,2023-08-03,Afternoon,60.0,Basic,18-25,Mixed,570.0
444,11,2023-11-26,Afternoon,74.0,Basic,36-50,Mixed,295.0
445,151,2023-05-24,Morning,99.0,VIP,18-25,Mixed,239.0
446,173,2023-04-17,Morning,100.0,Premium,50+,Weights,295.0
447,27,2023-12-20,Evening,37.0,Basic,50+,Cardio,249.0
448,56,2023-10-08,Afternoon,73.0,Basic,18-25,Classes,282.0
449,126,2023-11-18,Morning,90.0,Basic,26-35,Cardio,337.0
450,59,2023-11-02,Morning,73.0,Basic,36-50,Cardio,259.0
451,109,2023-11-21,Evening,18.0,Premium,50+,Cardio,312.0
452,40,2023-11-30,Evening,81.0,Premium,50+,Weights,533.0
453,146,2023-03-05,Morning,16.0,Basic,26-35,Weights,116.0
454,179,2023-10-11,Evening,64.0,Basic,18-25,Weights,186.0
455,61,2023-09-22,Morning,22.0,Basic,26-35,Weights,349.0
456,122,2023-01-06,Evening,48.0,Basic,26-35,Cardio,436.0
457,106,2023-06-17,Evening,50.0,Basic,26-35,Classes,599.0
458,23,2023-12-21,Morning,79.0,Premium,36-50,Classes,341.0
459,36,2023-06-22,Evening,31.0,Premium,26-35,Cardio,178.0
460,38,2023-12-04,Morning,69.0,VIP,50+,Classes,450.0
461,72,2023-04-29,Morning,110.0,Premium,18-25,Classes,312.0
462,56,2023-08-14,Afternoon,94.0,Premium,26-35,Weights,308.0
463,167,2023-06-23,Afternoon,100.0,Basic,26-35,Weights,
464,76,2023-05-09,Evening,15.0,Basic,26-35,Weights,416.0
465,197,2023-07-06,Morning,17.0,Premium,36-50,Cardio,207.0
466,156,2023-03-04,Evening,,Basic,26-35,Classes,356.0
467,107,2023-10-01,Morning,18.0,Premium,50+,Weights,306.0
468,149,2023-03-27,Morning,15.0,Basic,50+,Cardio,319.0
469,62,2023-07-29,Afternoon,15.0,VIP,50+,Classes,305.0
470,23,2023-07-12,Afternoon,30.0,Basic,26-35,Classes,224.0
471,149,2023-08-26,Evening,75.0,Basic,26-35,Cardio,215.0
472,120,2023-01-20,Afternoon,88.0,VIP,18-25,Classes,394.0
473,144,2023-07-01,Morning,,Basic,26-35,Weights,298.0
474,190,2023-02-17,Evening,46.0,VIP,50+,Cardio,234.0
475,65,2023-08-16,Morning,76.0,Basic,18-25,Classes,248.0
476,108,2023-02-23,Morning,96.0,Premium,36-50,Weights,368.0
477,80,2023-04-12,Afternoon,,Basic,50+,Cardio,232.0
478,133,2023-03-30,Evening,83.0,Basic,50+,Mixed,459.0
479,174,2023-05-24,Evening,113.0,Premium,26-35,Mixed,284.0
480,64,2023-05-28,Evening,15.0,Basic,26-35,Mixed,265.0
481,41,2023-08-18,Evening,22.0,Basic,18-25,Weights,361.0
482,98,2023-10-30,Evening,28.0,Premium,36-50,Mixed,271.0
483,172,2023-09-07,Evening,15.0,VIP,18-25,Mixed,
484,89,2023-08-13,Morning,59.0,Basic,26-35,Mixed,294.0
485,106,2023-06-10,Morning,15.0,Basic,26-35,Mixed,126.0
486,143,2023-06-17,Afternoon,22.0,Premium,26-35,Weights,193.0
487,196,2023-04-20,Evening,68.0,Premium,26-35,Cardio,329.0
488,179,2023-09-18,Evening,18.0,VIP,26-35,Cardio,254.0
489,54,2023-06-22,Afternoon,41.0,Basic,50+,Weights,505.0
490,196,2023-10-24,Morning,59.0,Premium,18-25,Mixed,221.0
491,77,2023-08-31,Morning,24.0,Basic,36-50,Classes,169.0
492,42,2023-07-28,Evening,94.0,Basic,36-50,Classes,303.0
493,174,2023-08-31,Morning,81.0,Basic,18-25,Weights,325.0
494,25,2023-09-11,Evening,112.0,Basic,36-50,Cardio,388.0
495,67,2023-03-23,Morning,38.0,Premium,18-25,Cardio,50.0
496,163,2023-01-31,Evening,47.0,Basic,36-50,Classes,450.0
497,112,2023-01-04,Evening,83.0,VIP,36-50,Classes,169.0
498,73,2023-07-13,Evening,180.0,Premium,36-50,Mixed,408.0
499,150,2023-02-25,Afternoon,30.0,Basic,26-35,Weights,495.0
500,112,2023-09-18,Evening,47.0,VIP,26-35,Mixed,374.0
501,137,2023-03-22,Afternoon,30.0,VIP,36-50,Cardio,185.0
502,152,2023-02-23,Evening,119.0,Premium,36-50,Weights,280.0
503,23,2023-04-06,Afternoon,61.0,Basic,36-50,Cardio,375.0
504,189,2023-12-15,Morning,29.0,Basic,36-50,Cardio,303.0
505,165,2023-12-02,Evening,24.0,Basic,26-35,Mixed,195.0
506,173,2023-09-14,Afternoon,64.0,Basic,18-25,Mixed,309.0
507,15,2023-07-23,Evening,36.0,Basic,36-50,Cardio,248.0
508,185,2023-07-30,Morning,102.0,Premium,36-50,Cardio,360.0
509,127,2023-11-25,Morning,36.0,Basic,18-25,Cardio,193.0
510,14,2023-11-13,Evening,54.0,Basic,18-25,Cardio,106.0
511,52,2023-05-06,Evening,15.0,Basic,18-25,Classes,198.0
512,84,2023-01-07,Afternoon,15.0,Basic,26-35,Weights,129.0
513,36,2023-05-05,Morning,78.0,Basic,26-35,Weights,237.0
514,155,2023-09-28,Morning,49.0,Basic,26-35,Cardio,367.0
515,145,2023-04-18,Morning,79.0,Premium,26-35,Cardio,260.0
516,169,2023-09-17,Afternoon,58.0,Premium,26-35,Weights,297.0
517,4,2023-11-15,Morning,90.0,Basic,36-50,Classes,199.0
518,131,2023-03-11,Evening,,VIP,18-25,Mixed,301.0
519,19,2023-02-07,Morning,75.0,Premium,18-25,Cardio,204.0
520,169,2023-06-24,Evening,27.0,Basic,36-50,Weights,181.0
521,168,2023-07-07,Evening,50.0,Basic,50+,Cardio,277.0
522,58,2023-08-15,Evening,23.0,Basic,26-35,Cardio,232.0
523,167,2023-09-15,Afternoon,24.0,Basic,50+,Cardio,50.0
524,7,2023-07-16,Evening,15.0,Basic,18-25,Mixed,292.0
525,36,2023-01-08,Evening,54.0,Premium,18-25,Mixed,202.0
526,76,2023-02-20,Evening,180.0,VIP,26-35,Cardio,195.0
527,148,2023-08-10,Morning,67.0,Basic,36-50,Weights,439.0
528,102,2023-01-19,Morning,15.0,Basic,26-35,Weights,385.0
529,76,2023-12-16,Evening,24.0,Basic,26-35,Cardio,337.0
530,157,2023-09-04,Afternoon,41.0,VIP,18-25,Classes,306.0
531,68,2023-01-31,Evening,91.0,Basic,26-35,Weights,360.0
532,66,2023-03-21,Afternoon,57.0,Basic,18-25,Weights,260.0
533,47,2023-12-24,Morning,118.0,Basic,26-35,Mixed,307.0
534,151,2023-01-22,Afternoon,27.0,Premium,26-35,Classes,259.0
535,134,2023-10-16,Afternoon,72.0,Basic,36-50,Cardio,311.0
536,18,2023-08-30,Afternoon,78.0,Premium,26-35,Weights,
537,181,2023-08-02,Evening,20.0,Basic,36-50,Cardio,322.0
538,22,2023-07-19,Evening,83.0,Basic,26-35,Weights,263.0
539,68,2023-06-14,Morning,65.0,Basic,50+,Weights,369.0
540,163,2023-05-20,Evening,50.0,VIP,36-50,Mixed,279.0
541,98,2023-11-16,Afternoon,60.0,Basic,36-50,Mixed,277.0
542,9,2023-10-12,Afternoon,180.0,Premium,36-50,Mixed,117.0
543,159,2023-01-13,Evening,39.0,Basic,26-35,Weights,214.0
544,171,2023-01-26,Afternoon,112.0,Basic,26-35,Classes,386.0
545,75,2023-01-22,Afternoon,85.0,Premium,36-50,Classes,378.0
546,17,2023-12-15,Evening,15.0,Basic,18-25,Cardio,297.0
547,51,2023-03-17,Evening,37.0,Basic,18-25,Weights,244.0
548,194,2023-04-02,Morning,90.0,Basic,36-50,Cardio,315.0
549,24,2023-11-25,Afternoon,15.0,Basic,18-25,Weights,60.0
550,125,2023-09-23,Afternoon,176.0,Basic,50+,Mixed,313.0
551,15,2023-02-17,Morning,97.0,Basic,36-50,Cardio,175.0
552,156,2023-06-19,Evening,20.0,Basic,36-50,Classes,290.0
553,131,2023-12-12,Afternoon,20.0,Basic,26-35,Weights,321.0
554,157,2023-09-02,Morning,15.0,Premium,36-50,Mixed,265.0
555,52,2023-08-16,Afternoon,57.0,Basic,26-35,Classes,374.0
556,54,2023-07-06,Morning,56.0,Premium,26-35,Mixed,236.0
557,58,2023-06-17,Evening,55.0,Basic,50+,Cardio,227.0
558,45,2023-07-22,Afternoon,52.0,Premium,18-25,Mixed,362.0
559,118,2023-01-06,Morning,104.0,Premium,36-50,Weights,263.0
560,77,2023-05-12,Evening,86.0,Premium,36-50,Classes,434.0
561,50,2023-09-02,Morning,,Premium,50+,Cardio,301.0
562,22,2023-04-01,Afternoon,37.0,Basic,26-35,Classes,355.0
563,52,2023-11-07,Evening,45.0,Basic,26-35,Mixed,393.0
564,181,2023-05-06,Afternoon,137.0,Premium,50+,Classes,292.0
565,31,2023-08-30,Evening,37.0,Basic,36-50,Classes,147.0
566,71,2023-09-06,Evening,37.0,Basic,36-50,Weights,362.0
567,176,2023-01-07,Evening,,Basic,36-50,Weights,419.0
568,90,2023-03-29,Afternoon,163.0,Basic,26-35,Weights,273.0
569,31,2023-03-27,Afternoon,97.0,Premium,18-25,Weights,399.0
570,102,2023-12-21,Evening,99.0,Basic,18-25,Mixed,183.0
571,132,2023-05-25,Evening,113.0,Basic,36-50,Mixed,314.0
572,163,2023-11-27,Evening,45.0,VIP,26-35,Mixed,271.0
573,97,2023-07-17,Evening,62.0,Basic,36-50,Weights,142.0
574,67,2023-12-29,Evening,83.0,Basic,26-35,Weights,339.0
575,192,2023-06-13,Morning,86.0,Premium,26-35,Weights,211.0
576,137,2023-05-25,Morning,15.0,Basic,18-25,Classes,337.0
577,174,2023-12-08,Morning,49.0,VIP,36-50,Cardio,200.0
578,83,2023-01-01,Morning,106.0,Basic,50+,Mixed,132.0
579,184,2023-04-30,Morning,66.0,Basic,36-50,Cardio,228.0
580,56,2023-03-08,Morning,126.0,Basic,18-25,Weights,403.0
581,26,2023-12-21,Morning,29.0,Premium,26-35,Mixed,284.0
582,60,2023-02-18,Evening,37.0,VIP,36-50,Mixed,303.0
583,128,2023-11-03,Morning,180.0,Premium,26-35,Classes,313.0
584,127,2023-11-23,Morning,54.0,Premium,26-35,Cardio,310.0
585,72,2023-10-14,Evening,30.0,Basic,26-35,Weights,487.0
586,90,2023-01-24,Evening,59.0,VIP,26-35,Cardio,295.0
587,176,2023-07-30,Morning,107.0,Premium,18-25,Mixed,109.0
588,58,2023-10-20,Morning,21.0,Basic,18-25,Cardio,262.0
589,63,2023-03-04,Morning,15.0,Premium,26-35,Mixed,
590,120,2023-02-25,Afternoon,133.0,VIP,26-35,Mixed,173.0
591,186,2023-01-18,Morning,,Premium,36-50,Mixed,276.0
592,131,2023-12-28,Evening,,Basic,26-35,Cardio,277.0
593,135,2023-03-18,Evening,35.0,VIP,26-35,Cardio,477.0
594,180,2023-09-17,Evening,69.0,Basic,36-50,Classes,232.0
595,114,2023-05-01,Afternoon,86.0,Premium,50+,Mixed,394.0
596,190,2023-07-03,Morning,70.0,Basic,26-35,Mixed,285.0
597,2,2023-02-17,Afternoon,51.0,VIP,26-35,Cardio,386.0
598,161,2023-05-27,Afternoon,15.0,Basic,26-35,Classes,439.0
599,140,2023-10-09,Evening,58.0,Premium,36-50,Weights,338.0
600,48,2023-12-30,Evening,15.0,Basic,50+,Weights,294.0
601,53,2023-10-21,Morning,51.0,Premium,26-35,Classes,414.0
602,125,2023-03-21,Evening,,VIP,36-50,Weights,153.0
603,169,2023-08-24,Evening,,VIP,26-35,Cardio,317.0
604,117,2023-08-17,Morning,88.0,Basic,18-25,Cardio,175.0
605,91,2023-10-11,Morning,48.0,Basic,50+,Weights,379.0
606,82,2023-03-02,Morning,62.0,Basic,26-35,Weights,309.0
607,186,2023-08-08,Afternoon,19.0,Basic,18-25,Weights,292.0
608,68,2023-12-11,Morning,36.0,Premium,50+,Cardio,262.0
609,151,2023-03-30,Morning,76.0,Premium,26-35,Mixed,367.0
610,164,2023-09-21,Evening,20.0,Basic,18-25,Mixed,121.0
611,94,2023-08-16,Morning,43.0,Basic,26-35,Mixed,490.0
612,149,2023-04-13,Afternoon,40.0,Premium,26-35,Cardio,285.0
613,72,2023-03-29,Evening,170.0,Basic,18-25,Cardio,170.0
614,103,2023-01-23,Evening,60.0,Basic,26-35,Mixed,50.0
615,183,2023-10-20,Morning,90.0,Basic,36-50,Cardio,283.0
616,184,2023-09-24,Morning,15.0,Basic,50+,Weights,323.0
617,13,2023-01-17,Evening,55.0,Basic,26-35,Cardio,330.0
618,124,2023-10-12,Evening,15.0,VIP,26-35,Weights,154.0
619,150,2023-11-09,Evening,63.0,Basic,36-50,Mixed,177.0
620,7,2023-06-11,Morning,59.0,Premium,18-25,Mixed,435.0
621,24,2023-03-19,Evening,58.0,Premium,26-35,Mixed,144.0
622,189,2023-05-02,Afternoon,15.0,Premium,36-50,Mixed,311.0
623,133,2023-04-22,Evening,64.0,Basic,36-50,Classes,261.0
624,50,2023-08-27,Afternoon,31.0,Basic,26-35,Weights,246.0
625,190,2023-07-29,Afternoon,71.0,Basic,18-25,Cardio,272.0
626,183,2023-12-15,Morning,89.0,Premium,18-25,Classes,246.0
627,26,2023-01-02,Morning,63.0,Premium,26-35,Cardio,242.0
628,138,2023-07-22,Afternoon,30.0,VIP,26-35,Mixed,399.0
629,11,2023-10-14,Morning,29.0,Basic,26-35,Weights,259.0
630,40,2023-04-27,Afternoon,46.0,Basic,36-50,Classes,178.0
631,102,2023-10-27,Morning,25.0,Basic,50+,Classes,291.0
632,11,2023-12-12,Evening,57.0,Basic,50+,Weights,194.0
633,112,2023-04-24,Morning,67.0,Basic,36-50,Classes,191.0
634,94,2023-03-15,Evening,15.0,Premium,26-35,Mixed,445.0
635,4,2023-08-29,Evening,80.0,Basic,18-25,Classes,
636,2,2023-10-29,Morning,64.0,VIP,26-35,Classes,172.0
637,167,2023-02-23,Morning,29.0,Basic,26-35,Weights,289.0
638,151,2023-06-08,Evening,101.0,Basic,50+,Mixed,306.0
639,45,2023-04-19,Morning,20.0,Premium,18-25,Weights,279.0
640,74,2023-10-07,Morning,39.0,Basic,36-50,Mixed,251.0
641,170,2023-06-02,Afternoon,51.0,VIP,50+,Mixed,161.0
642,103,2023-06-12,Afternoon,40.0,Premium,36-50,Cardio,258.0
643,42,2023-02-26,Morning,36.0,Premium,36-50,Mixed,220.0
644,29,2023-11-24,Evening,35.0,VIP,26-35,Mixed,287.0
645,144,2023-11-21,Evening,50.0,Basic,18-25,Classes,342.0
646,195,2023-08-02,Evening,76.0,Basic,18-25,Classes,475.0
647,100,2023-01-28,Afternoon,108.0,VIP,36-50,Mixed,377.0
648,188,2023-07-23,Evening,65.0,Basic,18-25,Cardio,50.0
649,132,2023-02-02,Evening,65.0,Basic,26-35,Mixed,322.0
650,100,2023-11-05,Evening,60.0,Basic,26-35,Classes,451.0
651,16,2023-05-02,Afternoon,,Basic,26-35,Mixed,285.0
652,169,2023-01-16,Morning,25.0,Premium,26-35,Weights,455.0
653,6,2023-06-03,Evening,33.0,Basic,50+,Weights,189.0
654,42,2023-12-09,Afternoon,16.0,Basic,18-25,Mixed,212.0
655,128,2023-08-06,Evening,61.0,Basic,26-35,Weights,283.0
656,185,2023-04-15,Morning,53.0,Basic,26-35,Weights,285.0
657,156,2023-03-18,Evening,84.0,VIP,26-35,Classes,383.0
658,100,2023-03-28,Morning,24.0,Premium,26-35,Weights,300.0
659,151,2023-01-31,Afternoon,86.0,Basic,36-50,Weights,
660,76,2023-04-10,Afternoon,41.0,Basic,36-50,Cardio,547.0
661,42,2023-06-04,Evening,36.0,Basic,18-25,Weights,222.0
662,95,2023-10-19,Evening,87.0,Basic,36-50,Cardio,428.0
663,12,2023-11-11,Afternoon,15.0,Premium,50+,Weights,341.0
664,124,2023-04-16,Morning,133.0,Basic,18-25,Weights,263.0
665,64,2023-08-18,Afternoon,180.0,Basic,26-35,Classes,325.0
666,186,2023-01-03,Morning,111.0,Premium,26-35,Cardio,218.0
667,179,2023-08-10,Evening,27.0,Premium,18-25,Cardio,308.0
668,29,2023-05-01,Morning,75.0,Premium,26-35,Classes,299.0
669,19,2023-06-09,Afternoon,104.0,Premium,18-25,Weights,347.0
670,97,2023-09-28,Evening,30.0,Basic,50+,Weights,288.0
671,45,2023-11-27,Morning,,Basic,26-35,Cardio,466.0
672,54,2023-07-13,Evening,90.0,Premium,50+,Weights,211.0
673,110,2023-08-06,Morning,87.0,Basic,18-25,Mixed,231.0
674,80,2023-07-10,Morning,,Basic,18-25,Weights,323.0
675,194,2023-09-09,Evening,,Premium,26-35,Cardio,219.0
676,13,2023-08-14,Afternoon,71.0,Premium,50+,Weights,367.0
677,193,2023-01-01,Afternoon,108.0,Basic,26-35,Mixed,431.0
678,140,2023-05-13,Evening,32.0,Basic,36-50,Weights,248.0
679,113,2023-03-31,Evening,66.0,Premium,26-35,Cardio,308.0
680,71,2023-01-06,Evening,72.0,Basic,18-25,Mixed,365.0
681,14,2023-09-01,Evening,48.0,Basic,36-50,Weights,388.0
682,42,2023-05-13,Afternoon,20.0,Premium,36-50,Classes,647.0
683,99,2023-04-26,Afternoon,30.0,Basic,18-25,Cardio,164.0
684,76,2023-03-14,Evening,30.0,Basic,18-25,Cardio,449.0
685,104,2023-06-05,Afternoon,54.0,Basic,26-35,Weights,235.0
686,176,2023-07-30,Morning,56.0,Premium,26-35,Cardio,
687,121,2023-03-10,Morning,48.0,Premium,36-50,Cardio,314.0
688,152,2023-10-27,Afternoon,46.0,Premium,26-35,Mixed,306.0
689,65,2023-05-24,Morning,116.0,Basic,36-50,Cardio,425.0
690,145,2023-07-18,Morning,15.0,Premium,36-50,Classes,152.0
691,38,2023-07-25,Evening,112.0,VIP,36-50,Weights,50.0
692,28,2023-07-20,Morning,56.0,Basic,26-35,Mixed,493.0
693,33,2023-08-27,Evening,180.0,Basic,36-50,Mixed,155.0
694,152,2023-03-09,Evening,82.0,Premium,36-50,Weights,400.0
695,111,2023-06-20,Morning,30.0,VIP,36-50,Weights,439.0
696,126,2023-10-24,Morning,15.0,VIP,36-50,Classes,413.0
697,128,2023-03-11,Morning,137.0,Basic,18-25,Cardio,351.0
698,70,2023-10-14,Afternoon,122.0,VIP,26-35,Classes,374.0
699,85,2023-01-17,Evening,80.0,Basic,26-35,Mixed,247.0
700,132,2023-05-17,Afternoon,100.0,Basic,18-25,Cardio,108.0
701,161,2023-08-07,Afternoon,63.0,VIP,36-50,Mixed,265.0
702,119,2023-11-07,Afternoon,19.0,VIP,26-35,Cardio,245.0
703,10,2023-01-06,Evening,87.0,Premium,26-35,Weights,205.0
704,36,2023-07-17,Morning,,VIP,26-35,Weights,304.0
705,73,2023-05-12,Evening,112.0,Premium,26-35,Weights,105.0
706,159,2023-12-29,Evening,54.0,Basic,18-25,Weights,425.0
707,132,2023-12-10,Morning,59.0,VIP,18-25,Cardio,293.0
708,122,2023-07-03,Afternoon,43.0,VIP,36-50,Classes,250.0
709,136,2023-01-18,Morning,81.0,Basic,26-35,Cardio,269.0
710,27,2023-08-01,Afternoon,15.0,Basic,18-25,Weights,284.0
711,164,2023-02-17,Morning,30.0,Basic,26-35,Cardio,196.0
712,137,2023-01-29,Morning,58.0,Premium,26-35,Cardio,196.0
713,171,2023-06-02,Afternoon,82.0,Premium,18-25,Classes,169.0
714,152,2023-11-28,Evening,179.0,VIP,26-35,Cardio,158.0
715,165,2023-08-26,Evening,47.0,Basic,18-25,Classes,214.0
716,41,2023-11-15,Evening,84.0,Premium,18-25,Weights,285.0
717,104,2023-09-22,Afternoon,,VIP,36-50,Mixed,410.0
718,26,2023-07-18,Evening,24.0,Basic,26-35,Cardio,142.0
719,132,2023-01-14,Morning,74.0,Premium,26-35,Classes,391.0
720,116,2023-10-03,Morning,62.0,Premium,26-35,Weights,139.0
721,129,2023-01-10,Afternoon,36.0,Premium,50+,Cardio,309.0
722,148,2023-05-19,Afternoon,47.0,Premium,36-50,Classes,148.0
723,173,2023-06-16,Afternoon,48.0,Premium,26-35,Classes,173.0
724,92,2023-05-27,Evening,46.0,Basic,18-25,Cardio,331.0
725,197,2023-09-02,Morning,130.0,Basic,18-25,Mixed,330.0
726,96,2023-03-11,Afternoon,51.0,Premium,36-50,Classes,374.0
727,52,2023-11-24,Afternoon,21.0,Basic,26-35,Weights,206.0
728,94,2023-11-17,Evening,18.0,Basic,18-25,Cardio,399.0
729,64,2023-04-14,Evening,49.0,Basic,50+,Weights,456.0
730,21,2023-08-17,Evening,61.0,Basic,26-35,Cardio,323.0
731,106,2023-11-12,Morning,43.0,Premium,26-35,Cardio,121.0
732,80,2023-05-18,Evening,48.0,Premium,50+,Weights,107.0
733,76,2023-11-15,Morning,49.0,Premium,36-50,Cardio,315.0
734,96,2023-02-05,Evening,15.0,Premium,36-50,Weights,242.0
735,25,2023-04-28,Evening,28.0,Basic,50+,Cardio,200.0
736,195,2023-09-12,Afternoon,27.0,Basic,50+,Cardio,283.0
737,26,2023-11-09,Evening,,VIP,50+,Cardio,264.0
738,100,2023-12-01,Afternoon,30.0,Basic,26-35,Weights,283.0
739,81,2023-01-20,Morning,16.0,Basic,26-35,Weights,211.0
740,27,2023-10-25,Evening,72.0,Premium,18-25,Classes,497.0
741,180,2023-01-21,Afternoon,46.0,Basic,36-50,Mixed,191.0
742,63,2023-09-13,Evening,25.0,Basic,18-25,Cardio,273.0
743,86,2023-09-05,Morning,22.0,Basic,26-35,Cardio,95.0
744,118,2023-06-15,Evening,26.0,VIP,18-25,Classes,184.0
745,173,2023-12-15,Evening,15.0,Basic,26-35,Cardio,169.0
746,186,2023-09-12,Evening,82.0,Basic,36-50,Cardio,246.0
747,38,2023-03-19,Morning,91.0,Premium,18-25,Cardio,275.0
748,163,2023-10-07,Afternoon,52.0,VIP,36-50,Weights,257.0
749,46,2023-10-09,Evening,65.0,Premium,26-35,Weights,245.0
750,127,2023-12-31,Evening,24.0,Basic,26-35,Mixed,321.0
751,71,2023-02-03,Afternoon,87.0,Basic,50+,Weights,329.0
752,131,2023-04-09,Afternoon,15.0,Basic,26-35,Classes,61.0
753,134,2023-05-23,Evening,29.0,Premium,26-35,Weights,405.0
754,13,2023-02-24,Evening,60.0,Premium,50+,Cardio,326.0
755,174,2023-01-03,Evening,75.0,Basic,26-35,Cardio,104.0
756,90,2023-11-28,Evening,32.0,Premium,36-50,Mixed,389.0
757,112,2023-08-07,Afternoon,57.0,Premium,36-50,Cardio,401.0
758,33,2023-07-30,Evening,27.0,VIP,26-35,Cardio,101.0
759,62,2023-11-01,Afternoon,42.0,Premium,26-35,Cardio,268.0
760,63,2023-05-29,Morning,49.0,Premium,18-25,Cardio,326.0
761,56,2023-08-20,Morning,34.0,Premium,26-35,Cardio,406.0
762,39,2023-03-29,Afternoon,,Basic,26-35,Classes,349.0
763,60,2023-07-30,Afternoon,,Basic,26-35,Cardio,243.0
764,105,2023-08-11,Evening,57.0,Premium,36-50,Weights,191.0
765,127,2023-10-23,Evening,37.0,Basic,36-50,Mixed,152.0
766,83,2023-05-28,Evening,89.0,Basic,36-50,Classes,207.0
767,152,2023-07-26,Morning,45.0,VIP,18-25,Weights,353.0
768,178,2023-12-26,Evening,32.0,Premium,18-25,Classes,392.0
769,105,2023-08-15,Evening,68.0,Premium,18-25,Cardio,262.0
770,161,2023-12-26,Morning,17.0,Premium,50+,Classes,409.0
771,74,2023-07-03,Afternoon,34.0,Basic,36-50,Weights,340.0
772,135,2023-02-10,Morning,68.0,Premium,50+,Weights,552.0
773,174,2023-07-01,Morning,45.0,VIP,26-35,Classes,116.0
774,122,2023-02-13,Morning,47.0,Basic,26-35,Weights,278.0
775,62,2023-07-29,Evening,30.0,Premium,26-35,Weights,321.0
776,1,2023-12-03,Evening,53.0,Premium,26-35,Weights,484.0
777,79,2023-09-07,Evening,17.0,Basic,36-50,Weights,154.0
778,118,2023-03-25,Evening,27.0,Basic,26-35,Classes,203.0
779,65,2023-05-19,Morning,22.0,Basic,36-50,Weights,305.0
780,173,2023-08-19,Morning,89.0,Basic,36-50,Cardio,177.0
781,183,2023-01-12,Morning,55.0,Premium,26-35,Classes,
782,66,2023-09-30,Afternoon,61.0,VIP,50+,Mixed,136.0
783,67,2023-03-31,Evening,42.0,Basic,26-35,Cardio,419.0
784,100,2023-01-25,Evening,112.0,Basic,36-50,Mixed,467.0
785,54,2023-01-26,Morning,117.0,Premium,36-50,Weights,471.0
786,121,2023-06-02,Morning,15.0,VIP,26-35,Classes,315.0
787,100,2023-03-01,Evening,,Premium,26-35,Mixed,317.0
788,191,2023-03-01,Evening,67.0,Premium,36-50,Classes,298.0
789,182,2023-10-10,Evening,40.0,Premium,18-25,Mixed,386.0
790,103,2023-06-20,Morning,15.0,Premium,50+,Cardio,426.0
791,180,2023-03-17,Afternoon,22.0,Basic,18-25,Cardio,371.0
792,182,2023-10-03,Afternoon,15.0,Basic,26-35,Weights,
793,195,2023-07-27,Evening,15.0,Basic,50+,Mixed,370.0
794,165,2023-06-04,Morning,62.0,Basic,18-25,Mixed,298.0
795,108,2023-06-29,Morning,23.0,Basic,18-25,Cardio,165.0
796,12,2023-03-23,Evening,57.0,Premium,36-50,Cardio,240.0
797,187,2023-01-10,Morning,,Basic,26-35,Mixed,321.0
798,148,2023-08-31,Evening,33.0,Basic,18-25,Weights,212.0
799,87,2023-06-27,Morning,39.0,Premium,18-25,Classes,206.0
800,86,2023-10-13,Morning,53.0,Basic,50+,Mixed,361.0
801,32,2023-09-14,Evening,35.0,Basic,26-35,Cardio,368.0
802,71,2023-11-06,Morning,36.0,VIP,36-50,Cardio,329.0
803,44,2023-01-04,Morning,105.0,Basic,26-35,Mixed,250.0
804,66,2023-08-03,Morning,37.0,Basic,26-35,Cardio,266.0
805,78,2023-01-30,Evening,29.0,Basic,18-25,Cardio,370.0
806,55,2023-12-12,Evening,,Premium,50+,Cardio,
807,16,2023-03-06,Evening,93.0,Premium,26-35,Weights,154.0
808,88,2023-05-04,Evening,50.0,Basic,18-25,Cardio,350.0
809,71,2023-10-12,Evening,20.0,Premium,18-25,Classes,288.0
810,68,2023-06-02,Afternoon,15.0,Basic,26-35,Mixed,430.0
811,180,2023-02-09,Evening,,Basic,26-35,Cardio,193.0
812,124,2023-01-26,Afternoon,130.0,Premium,18-25,Classes,407.0
813,165,2023-09-30,Evening,128.0,Basic,26-35,Cardio,241.0
814,174,2023-06-08,Evening,76.0,Basic,36-50,Cardio,378.0
815,169,2023-07-08,Evening,37.0,Basic,26-35,Weights,171.0
816,133,2023-09-21,Morning,104.0,VIP,18-25,Mixed,139.0
817,194,2023-03-10,Evening,38.0,VIP,18-25,Mixed,335.0
818,5,2023-01-01,Afternoon,66.0,Premium,26-35,Cardio,272.0
819,191,2023-03-20,Afternoon,61.0,VIP,18-25,Cardio,315.0
820,125,2023-08-16,Evening,36.0,Premium,18-25,Mixed,202.0
821,131,2023-11-23,Afternoon,135.0,VIP,36-50,Cardio,332.0
822,136,2023-02-15,Morning,71.0,Basic,26-35,Classes,427.0
823,154,2023-04-18,Evening,23.0,Premium,26-35,Cardio,409.0
824,74,2023-12-21,Evening,36.0,Premium,26-35,Classes,232.0
825,125,2023-05-04,Evening,,VIP,36-50,Weights,174.0
826,98,2023-05-28,Evening,46.0,Basic,18-25,Weights,299.0
827,123,2023-09-09,Morning,86.0,Basic,18-25,Mixed,384.0
828,100,2023-01-02,Morning,15.0,VIP,18-25,Cardio,131.0
829,53,2023-08-10,Morning,38.0,Premium,50+,Weights,360.0
830,76,2023-07-08,Morning,75.0,VIP,26-35,Weights,501.0
831,128,2023-03-12,Evening,28.0,Premium,18-25,Cardio,363.0
832,157,2023-12-25,Morning,112.0,Premium,18-25,Cardio,144.0
833,14,2023-11-29,Morning,51.0,Basic,36-50,Cardio,186.0
834,5,2023-04-07,Evening,98.0,Basic,18-25,Cardio,231.0
835,112,2023-08-20,Afternoon,75.0,Premium,36-50,Mixed,285.0
836,27,2023-01-30,Morning,29.0,VIP,50+,Weights,334.0
837,125,2023-01-30,Afternoon,,Premium,18-25,Weights,372.0
838,196,2023-08-03,Morning,26.0,Basic,18-25,Classes,270.0
839,29,2023-06-22,Afternoon,42.0,Premium,18-25,Classes,325.0
840,3,2023-10-07,Evening,26.0,Premium,18-25,Weights,191.0
841,158,2023-07-30,Evening,180.0,VIP,36-50,Weights,229.0
842,137,2023-11-13,Morning,25.0,Basic,18-25,Weights,388.0
843,1,2023-05-05,Morning,15.0,Basic,26-35,Cardio,345.0
844,23,2023-03-21,Evening,15.0,Basic,26-35,Mixed,357.0
845,67,2023-07-03,Morning,15.0,Basic,50+,Classes,196.0
846,160,2023-01-15,Afternoon,43.0,VIP,26-35,Classes,296.0
847,6,2023-01-11,Morning,22.0,Basic,18-25,Weights,308.0
848,49,2023-12-08,Evening,48.0,VIP,26-35,Weights,332.0
849,143,2023-03-30,Evening,15.0,VIP,36-50,Weights,401.0
850,186,2023-01-03,Evening,69.0,Basic,18-25,Cardio,304.0
851,181,2023-01-24,Evening,85.0,VIP,18-25,Cardio,459.0
852,30,2023-03-30,Morning,15.0,Basic,50+,Mixed,103.0
853,40,2023-01-09,Evening,51.0,Premium,18-25,Classes,269.0
854,187,2023-02-15,Afternoon,15.0,Basic,18-25,Cardio,403.0
855,63,2023-04-04,Evening,180.0,VIP,36-50,Weights,225.0
856,48,2023-03-12,Evening,64.0,Premium,18-25,Weights,383.0
857,124,2023-07-07,Evening,24.0,VIP,18-25,Classes,309.0
858,68,2023-05-19,Evening,73.0,Premium,18-25,Classes,
859,135,2023-01-10,Afternoon,45.0,Premium,36-50,Weights,284.0
860,175,2023-01-03,Evening,49.0,Basic,50+,Mixed,286.0
861,43,2023-01-19,Evening,45.0,Basic,26-35,Mixed,480.0
862,144,2023-05-10,Afternoon,15.0,Basic,18-25,Mixed,263.0
863,22,2023-08-09,Evening,36.0,VIP,18-25,Weights,405.0
864,63,2023-05-10,Evening,45.0,Basic,26-35,Weights,330.0
865,174,2023-04-23,Afternoon,19.0,VIP,36-50,Weights,408.0
866,173,2023-05-18,Morning,129.0,VIP,36-50,Weights,265.0
867,41,2023-02-12,Morning,41.0,Basic,26-35,Mixed,289.0
868,153,2023-08-06,Morning,78.0,Basic,50+,Cardio,263.0
869,50,2023-02-27,Afternoon,29.0,VIP,18-25,Mixed,102.0
870,67,2023-04-23,Afternoon,,Basic,18-25,Weights,273.0
871,180,2023-07-07,Evening,58.0,Basic,50+,Cardio,620.0
872,86,2023-05-02,Afternoon,,Basic,26-35,Weights,226.0
873,159,2023-03-26,Evening,180.0,VIP,26-35,Cardio,314.0
874,37,2023-04-16,Morning,118.0,Premium,26-35,Cardio,419.0
875,150,2023-12-22,Evening,18.0,Basic,26-35,Mixed,352.0
876,27,2023-04-09,Morning,28.0,Basic,26-35,Classes,292.0
877,120,2023-01-09,Evening,19.0,Basic,50+,Cardio,210.0
878,130,2023-01-06,Evening,92.0,Basic,18-25,Mixed,444.0
879,22,2023-04-18,Evening,38.0,VIP,26-35,Cardio,410.0
880,181,2023-06-01,Afternoon,122.0,Premium,18-25,Weights,
881,17,2023-12-04,Morning,21.0,Premium,36-50,Cardio,431.0
882,112,2023-08-25,Afternoon,86.0,Basic,18-25,Cardio,157.0
883,125,2023-01-27,Morning,105.0,Premium,36-50,Cardio,264.0
884,56,2023-04-29,Afternoon,45.0,Basic,18-25,Mixed,331.0
885,159,2023-07-30,Afternoon,,Premium,26-35,Mixed,204.0
886,43,2023-04-10,Evening,15.0,Premium,36-50,Mixed,236.0
887,121,2023-01-03,Evening,53.0,Basic,26-35,Classes,364.0
888,181,2023-10-21,Evening,53.0,Basic,26-35,Classes,359.0
889,133,2023-11-26,Afternoon,15.0,Premium,36-50,Weights,476.0
890,130,2023-11-25,Morning,58.0,Basic,18-25,Weights,227.0
891,121,2023-01-17,Evening,15.0,Premium,50+,Classes,206.0
892,187,2023-04-16,Afternoon,80.0,Premium,18-25,Mixed,509.0
893,132,2023-08-18,Afternoon,55.0,Basic,36-50,Cardio,275.0
894,162,2023-10-31,Afternoon,32.0,Premium,36-50,Weights,109.0
895,195,2023-06-26,Evening,28.0,Premium,26-35,Weights,339.0
896,112,2023-03-25,Evening,15.0,Premium,18-25,Weights,
897,134,2023-09-20,Evening,15.0,Basic,18-25,Classes,261.0
898,186,2023-07-15,Evening,15.0,Premium,50+,Weights,158.0
899,175,2023-09-06,Evening,64.0,Basic,36-50,Cardio,411.0
900,5,2023-05-29,Evening,29.0,Basic,26-35,Weights,340.0
